Unique_ID,State,District,Disease,Cases,Deaths,Start_Date,Report_Date,Status,Comments
BH/SUP/2019/01/01,Bihar,Supaul,Measles,05,00,02-01-19,06-01-19,outbreak. House,to house survey done. All
GJ/MHS/2019/01/05,Gujarat,Mahesana,Diarrheal,12,00,01-01-19,02-01-19,vomiting might,be due to consumption of
JH/GDA/2019/01/06,Jharkhand,Godda,Chickenpox,36,00,08-01-19,08-01-19,confirmed as,Chicken Pox by the RRT team
KN/HAV/2019/01/09,Karnataka,Haveri,Diarrheal,25,00,31-12-18,01-01-18,survey done.,2 Blood Samples sent to DPHL
KN/HAV/2019/01/10,Karnataka,Haveri,Diarrheal,13,00,03-01-19,04-01-19,to house,survey done. 2 Blood samples and 1
TN/DMP/2019/01/14,Tami,Nadu,Dharmapuri Fever,29,00,04-01-19,07-01-19,survey done.,"Source reduction, ant larval"
TN/AIR/2019/01/17,Tami,Nadu,Ariyallur Leptospirosis,13,00,03-01-19,07-01-19,samples sent,"to DPHL Ariyalur, 2 samples"
BH/NAW/2019/01/24,Bihar,Nawada,Measles,18,00,19-12-18,rapid,response team,including DIO& Epidemiologist with
CT/BAS/2019/01/27,Chhattisgarh,Baster,Dengue,05,00,10-12-18,container.,Medical camp,"organized, house to house survey"
KN/DAV/2019/01/31,Karnataka,Davangere,Chikungunya,32,00,20-12-18,found,positive for,chikungunya by IgM Elisa. 01 water
KL/CNR/2019/01/34,Kerala,Kannur,Food Poisoning,44,00,25-12-18,cooking,and other,"purposes in the function, collected for"
KL/KAS/2019/01/35,Kerala,Kasaragod,Diarrheal,49,00,26-12-18,the,temple before,starting festival Educated the temple
OR/GJM/2019/01/38,Odisha,Ganjam,Mumps,18,00,28-12-18,Kukudakhandi.,District RRT,investigated the outbreak.
UP/BUD/2019/01/39,Uttar,Pradesh,Budaun Measles,78,00,20-11-18,epidemiologically,linked. Majority,of cases were under 10
Kerala,Ernakulam,Food,Poisoning,75,00,26-12-18,18.12.18.,All age,groups were equally affected. Water
AS/JRT/2019/02/042,Assam,Jorhat,Dengue?,12,00,06-01-19,07-01-19,parasite. All,cases treated symptomatically.
BH/BHJ/2019/02/043,Bihar,Bhojpur,Chickenpox,36,00,08-01-19,11-01-19,done. Majority,of the cases were children
between,the,age,group of,6,15,years.,All,cases,
GJ/AND/2019/02/046,Gujarat,Anand,Diarrheal,75,00,10-01-19,10-01-19,were negative,for cholera culture. Out of 5 water
JH/ESI/2019/02/048,Jharkhand,East,Singhbhum Chickenpox,14,00,01-01-19,07-01-19,house survey,done. 5 serum samples collected
MH/GAD/2019/02/051,Maharashtra,Gadchiroli,Malaria,03,01,07-01-19,09-01-19,1 sample,was found positive for malaria parasite
BH/BHJ/2019/02/057,Bihar,Bhojpur,Measles,167,04,01-01-19,samples,and 5,throat samples were collected and sent to
BH/BUX/2019/02/058,Bihar,Buxar,Measles,06,00,05-01-19,Affected,children were,in the age group 3 to 7 years. Blood
MH/AKL/2019/02/059,Bihar,Purnia,Measles,06,00,08-01-19,to,10yrs of,age. 3 blood samples were collected and sent to
BH/PAC/2019/02/060,Bihar,Champaran,Measles,25,00,15-12-18,samples,were collected,and sent to Microbiology department
BH/PAC/2019/02/061,Bihar,Champaran,Measles,06,00,20-12-18,samples,were collected,and sent to Microbiology department
PB/SAS/2019/02/065,Punjab,Sasnagar,Chickenpox,12,00,12-12-18,survey,done. Affected,cases were in the age group 21-29
KN/DVA/2019/03/0073,Karnataka,Davangere,Chickenpox,15,00,16-01-19,16-01-19,done. 04,blood samples collected were tested
OR/NAB/2019/03/0076,Odisha,Nawarangpur,Chickenpox,10,00,12-01-19,16-01-19,RRT investigated,the outbreak. House to house
TN/KRR/2019/03/0078,Tamil,Nadu,Karur Leptospirosis,24,00,18-01-19,19-01-19,done. Out,of 10 serum samples sent to DPHL
BH/NAW/2019/03/0080,Bihar,Nawada,Measles?,06,00,28-12-18,group,6 months-,7yrs. 2 children had history of prior measles
CT/RGR/2019/03/0082,Chhattisgarh,Raigarh,Diarrheal,25,00,26-12-18,house,survey done.,Temporary health camp organized by
MZ/AIE/2019/03/0086,Mizoram,Aizwal,East Scrub Typhus,25,00,05-11-18,32,samples collected,and tested at DPHL Aizwal and 25
GJ/SBK/2019/04/0093,Gujarat,Sabarkantha,Jaundice,08,00,05-01-19,and,sent to,GMERS Medical College Himmatnagar; result
GJ/SBK/2019/04/0094,Gujarat,Sabarkantha,Food Poisoning,39,00,07-01-19,roti),before going,school and presented symptoms with
HR/YNN/2019/04/0095,Haryana,Yamuna,Nagar Diarrheal,45,00,23-01-19,samples,collected and,sent to DPHL Karnal were not potable
KN/HAS/2019/04/0096,Karnataka,Hassan,Diarrheal,28,00,22-01-19,House,to house,survey done. 28 blood samples and 2 stool
KN/HAS/2019/04/0097,Karnataka,Hassan,Chickenpox,89,00,23-01-19,house,survey done.,3 blood samples and 2 vesicular swab
MH/THN/2019/04/0102,Maharashtra,Thane,Dengue?,09,01,15-01-19,NIV,Pune; result,awaited. Water storage practices were
Surveillance,loose,motion,and vomiting.,04,03,water,samples,,
TN/TVM/2019/04/0108,Tamil,Nadu,Tiruvannamalai Food Poisoning,44,00,21-01-19,food,in lunch,and presented symptoms with loose motion and
TN/NGP/2019/04/0109,Tamil,Nadu,Nagapattinam Food Poisoning,33,00,21-01-19,vomiting.,5 water,samples sent to DPHL Cheyyar; result
AS/NGO/2019/05/0111,Assam,Nagaon,Chickenpox,14,00,02-02-19,02-02-19,and 8,"are female. Out of the cases, 10 are children"
BH/MZP/2019/05/0112,Bihar,Muzaffarpur,Chickenpox,08,01,31-01-19,01-02-19,popular eruption,on body reported by cases.
affected,age,group,is,0,05,Yrs,old.,Health,
KN/BGK/2019/05/0117,Karnataka,Bagalkot,Chickenpox,29,00,03-02-19,04-02-19,collected and,sent to Mysore and 04 found
KN/BGR/2019/05/0119,Karnataka,Bangalore,Rural Chickenpox,10,00,28-01-19,01-02-19,survey done.,2 Blood Serum Samples sent to
PN/PON/2019/05/0122,Puducherry,Puducherry,Chickenpox,10,00,30-01-19,30-01-19,outbreak. House,to house survey done. All cases
TN/DMP/2019/05/0124,Tamil,Nadu,Dharmapuri Typhoid,42,00,01-02-19,03-02-19,Dharmapuri Result,"3 Typhoid Positive, 2"
BH/KTH/2019/05/0126,Bihar,Katihar,Chickenpox,04,00,05-01-19,House,to house,survey done. Health camp organized in the
BH/MBN/2019/05/0127,Bihar,Madhubani,Chickenpox,31,00,05-01-19,survey,done. Cases,presented with fever and vesiculopapular
BH/MZP/2019/05/0128,Bihar,Muzaffarpur,Chickenpox,20,00,16-01-19,"eyes,",Maculo papular,eruption on body reported by cases.
GJ/RJK/2019/05/0132,Gujarat,Rajkot,Measles,08,00,16-01-19,given.,5 Samples,are collected and sent to B.J.M.C
KN/DVA/2019/05/0134,Karnataka,Davangere,Chickenpox,64,00,24-01-19,MCVR,Manipal Lab,3 found Positive for chicken pox by IgM
KN/TUM/2019/05/0135,Karnataka,Tumkur,Chikungunya,137,00,24-01-19,sample-3,"found potable,",Throat swab-2 and 01 found positive
BH/MZP/2019/06/0141,Bihar,Muzaffarpur,Chickenpox,23,00,05-02-19,08-02-19,investigated the,outbreak. House to house survey
KN/CHI/2019/06/0143,Karnataka,Chitradurga,Mumps,14,00,02-02-19,06-02-19,sent to,KMC Manipal were positive for Mumps
KN/GDG/2019/06/0147,Karnataka,Gadag,Chickenpox,58,00,05-02-19,05-02-19,done. All,the 2 serum samples sent to Manipal
KN/MYS/2019/06/0148,Karnataka,Mysuru,Chickenpox,13,00,04-02-19,04-02-19,house survey,done. All 3 blood samples sent to
KN/TUM/2019/06/0149,Karnataka,Tumkur,Chickenpox,12,00,01-02-19,04-02-19,done. All,the cases treated at PHC
OR/AGL/2019/06/0153,Odisha,Angul,Diarrheal,14,00,06-02-19,09-02-19,done. 5,water samples and 1 rectal swab were
PB/FTH/2019/06/0155,Punjab,Fatehgarh,Sahib Mumps,30,00,31-01-19,04-02-19,DPHL Fatehgarh,Sahib were positive for Mumps
TN/MDR/2019/06/0156,Tamil,Nadu,Madurai,19,00,05-02-19,07-02-19,1food sample,collected and sent to Food Safety
TN/MDR/2019/06/0157,Tamil,Nadu,Madurai Chickenpox,51,00,08-02-19,09-02-19,outbreak. Active,search of cases done. All cases
TN/VEL/2019/06/0159,Tamil,Nadu,Vellore Chickenpox,20,00,01-02-19,06-02-19,outbreak. House,to house survey done. All cases
JH/ESI/2019/07/0168,Jharkhand,East,Singhbhum Chickenpox,46,00,13-02-19,16-02-19,the outbreak,and visited the affected area. Proper
KN/GDG/2019/07/0171,Karnataka,Gadag,Chickenpox,19,00,11-02-19,12-02-19,serum sample,"sent to MMCRI Mysore, result"
KN/GDG/2019/07/0173,Karnataka,Gadag,Chickenpox,49,00,11-02-19,12-02-19,serum samples,"sent to MMCRI Mysore, result"
KN/UDU/2019/07/0175,Karnataka,Udupi,Dengue,08,00,11-02-19,16-02-19,and Typhoid,out of these samples 5 tested
PB/SAS/2019/07/0178,Punjab,SAS,Nagar Diarrheal,08,00,12-02-19,12-02-19,the affected,area. All patients are residing in same
TN/SLM/2019/07/0179,Tamil,Nadu,Salem Mumps,08,00,16-02-19,18-02-19,outbreak. House,to house survey done. All the
TN/MDR/2019/07/0180,Tamil,Nadu,Madurai Diarrheal,41,00,14-02-9,16-02-19,samples sent,to DPHL Madurai Result awaited.
TN/VIR/2019/07/0181,Tamil,Nadu,Chickenpox,21,00,14-02-19,16-02-19,outbreak. House,to house survey done. All the
TN/TNJ/2019/07/0182,Tamil,Nadu,Thanjavur,15,00,15-02-19,18-02-19,samples sent,to DPHL Thanjavur Result awaited.
GJ/NAR/2019/07/0183,Gujarat,Narmada,Measles,05,00,29-01-19,taken,& Sent,"to BJMC Ahmedabad, result awaited. RRT"
KL/KTM/2019/07/0186,Kerala,Kottayam,Hepatitis A,43,00,16-12-18,Water,Purifier and,sent to Lab Chanaganseri for
MG/EKH/2019/07/0188,Meghalaya,East,Khasi Hills,54,00,04-02-19,children,were below,5 years of age. Stool samples were
Suspected,viral,Under,house survey done.,19,16,no.s,of,,
AS/DHU/2019/12/0294,Assam,Dhubri,AES/JE,05,00,20-03-19,22-03-19,stagnation. Pigs,were present in the vicinity of
PN/YAN/2019/12/0301,Puducherry,Yanam,Chickenpox,14,00,18-03-19,18-03-19,affected children,"were students of class 4 & 5,"
TN/RMN/2019/12/0302,Tamil,Nadu,Chikungunya,25,00,18-03-19,22-03-19,DPHL Ramanathapuram,and all found positive
GJ/BVN/2019/12/0304,Gujarat,Bhavnagar,CCHF,01,01,11-03-19,sent,NIV Pune.,MC RRT & DRRT visited affected area. All
TN/TPL/2019/12/0309,Tamil,Nadu,Trichy Chikungunya,23,00,12-03-19,serum,samples sent,to DPHL Trichy and 7 found
GA/PNJ/2019/51/1640,Goa,North,Goa,58,00,21-12-19,21-12-19,done. Cases,"presented with headache, giddiness,"
JH/DHN/2019/51/1642,Jharkhand,Dhanbad,Diarrhoeal,34,00,16-12-19,19-12-19,investigated the,outbreak. Active case search
MH/AKL/2019/51/1648,Maharashtra,Akola,Mumps,26,00,19-12-19,19-12-19,RRT investigated,the outbreak. Serum samples
OR/KLN/2019/51/1651,Odisha,Kalahandi,Chickenpox,08,00,18-12-19,23-12-19,outbreak. Lab,samples collected and result
TN/CUD/2019/51/1654,Tamil,Nadu,Cuddalore Chickenpox,18,00,18-12-19,19-12-19,Keerapalayam. District,RRT investigated the
TN/TNJ/2019/51/1655,Tamil,Nadu,Thanjavur Chickenpox,10,00,19-12-19,23-12-19,Block Thanjavur.,District RRT investigated the
TN/TRN/2019/51/1657,Tamil,Nadu,Tirunelveli Cholera,01,00,20-12-19,23-12-19,outbreak. A,single stool sample collected and sent
CT/JAN/2019/51/1660,Chhattisgarh,Janjgir,Diarrhoea,30,00,11-12-19,house,survey conducted.,The probable reason is
Himachal,Hepatitis,A,& Under total of,05,01,was,found,positive,
JK/KTU/2019/51/1663,Kathua,Hepatitis,A,24,00,09-12-19,"Microbiology,",GMC Jammu.,All 07 blood samples found
KN/BGR/2019/51/1664,Karnataka,Bangalore,Chikungunya,42,00,03-12-19,officials,were informed.,A total of 04 human serum samples
MH/KOP/2019/51/1667,Maharashtra,Kolhapur,Chikungunya,07,0,13-12-19,total,of 08,serum samples collected and sent to SSH CPRH
BH/SWN/2019/13/0312,Bihar,Siwan,Chickenpox,40,00,28-03-19,30-03-19,investigated the,outbreak. House to house survey
JH/DMK/2019/13/0318,Jharkhand,Dumka,Chickenpox,09,00,29-03-19,29-03-19,samples collected,and sent to Microbiology
JH/GDA/2019/13/0319,Jharkhand,Godda,Measles,11,00,25-03-19,26-03-19,rashes. Out,of 05 serum samples collected and
JH/KUT/2019/13/0320,Jharkhand,Khunti,Chikungunya,23,00,25-03-19,26-03-19,sample was,positive for Chikungunya (IgM
RJ/JUN/2019/13/0325,Rajasthan,Jhunjhunu,Brucellosis,01,00,29-03-19,29-03-19,survey done.,10 cattle blood samples were
UA/ALM/2019/13/0330,Uttarakhand,Almora,Diarrheal,28,00,31-03-19,31-03-19,DPHL Almora;,All stool samples were positive
GJ/BVN/2019/12/0304,Gujrat,Bhavnagar,CCHF,01,00,26-03-19,collected,and sent,"to NIV, Pune; 1 sample of lab technician"
JH/WSI/2019/40/1278,Jharkhand,West,Singhbhum Malaria,42,00,04-10-19,06-10-19,survey done.,Out of 123 blood sample collected;
KN/TUM/2019/40/1280,Karnataka,Tumkur,Chikungunya,31,00,30-09-19,01-10-19,survey done.,Out of 3 serum samples collected; 2
MH/JGA/2019/40/1282,Maharashtra,Jalgaon,Dengue,42,01,27-09-19,03-10-19,sent to,GMC Aurangabad; were positive for
Under,house,survey,done.,06,04,stool,samples,,
MN/MNP/2019/40/1286,Manipur,Imphal,East Dengue,14,00,01-10-19,06-10-19,survey done.,Out of 34 blood samples collected
MN/MNP/2019/40/1287,Manipur,"Kakching,",Scrub Typhus,14,00,01-10-19,06-10-19,done. Out,of 34 blood samples collected and sent
OR/KLN/2019/40/1289,Odisha,Kalahandi,Diarrheal,32,01,30-09-19,03-10-19,water sources,and 5 rectal swab samples collected
OR/GJM/2019/40/1290,Odisha,Ganjam,Diarrheal,113,00,28-09-19,01-10-19,contaminated the,bore well water. 05 rectal swab
TN/ERO/2019/40/1292,Tamil,Nadu,Erode Typhoid,24,00,26-09-19,30-09-19,done. 04,serum samples collected and sent to
TL/MED/2019/40/1293,Telangana,Sangareddy,Dengue,52,00,30-09-19,01-10-19,of 52,blood samples collected and sent to IPM-
CT/SUA/2019/40/1296,Chhattisgarh,Sukma,Dengue?,54,00,16-09-19,House,to house,survey done. Serum samples collected; result
JH/BOK/2019/40/1297,Jharkhand,Bokaro,Dengue,08,00,04-09-19,House,to house,survey done. Serum samples collected; result
KN/BDR/2019/40/1298,Karnataka,Bidar,Chikungunya,44,00,15-09-19,survey,done. Out,of 6 serum samples collected; 3 samples were
MH/PLR/2019/40/1302,Maharashtra,Palaghar,Leptospirosis,01,01,25-09-19,outbreak.,House to,house survey done. 1 serum samples
MH/PNE/2019/40/1303,Maharashtra,Pune,Dengue,82,00,03-08-19,house,survey done.14,"serum samples, were positive for Dengue"
RJ/GGN/2019/40/1304,Rajasthan,Ganganagar,Brucellosis?,03,00,25-09-19,awaited.,5 blood,samples collected from cattle and sent to
WB/SPG/2019/40/1305,West,Bengal,Diarrheal,59,00,20-09-19,collected,and sent,to Kensily Azad Water Testing Lab and 01
HR/AMB/2019/39/1240,Haryana,Ambala,Cholera,53,01,28-09-19,were,collected and,"tested at PGIMER, Chandigarh; 5 samples"
PB/SAS/2019/39/1258,Punjab,Sasnagar,Diarrheal,129,00,03-10-19,&,E. Out,of 25 water samples collected; 10 samples were
JH/DHN/2019/16/0398,Jharkhand,Dhanbad,Chickenpox,36,00,16-04-19,18-04-19,done. Cases,had fever with rash. 5 blood samples
KL/KOA/2019/16/0399,Kerala,Kollam,Chickenpox,20,00,01-04-19,17-04-19,District RRT,investigated the outbreak. House to
KN/BEG/2019/16/0400,Karnataka,Belagavi,Chikungunya,08,00,16-04-19,22-04-19,and one,found positive for Chikungunya by Ig M
KN/BEG/2019/16/0401,Karnataka,Belagavi,Chikungunya,05,00,16-04-19,22-04-19,for Chikungunya,by Ig M ELISA. Fever and larva
OR/JAJ/2019/16/0404,Odisha,Jajpur,Diarrheal,16,00,21-04-19,22-04-19,sanitary conditions,were prevalent in the area. 5
Food,Under,survey,done.,03,03,H2S,collected,,
WB/NDA/2019/16/0412,West,Bengal,Nadia Diarrheal,332,00,22-04-19,23-04-19,"NRS MCH,",stool samples showed growth of E
GA/PNG/2019/16/413,Goa,North,Goa Dengue,05,00,27-03-19,positive,for dengue,by IgM Mac Eliza. District RRT
KN/MYS/2019/47/1539,Karnataka,Mysuru,Typhoid,20,00,20-11-19,22-11-19,exposure to,infection from outside students
Under,A,total,of,03,02,water,samples,,
TN/MDR/2019/47/1544,Tamil,Nadu,Madurai Dengue,40,00,15-11-19,21-11-19,the cases,24 were male and 16 were female. A
WB/COO/2019/47/1546,West,Bengal,Cooch Behar,56,00,20-11-19,21-11-19,swabs were,collected and tested at S B
WB/HGL/2019/47/1547,West,Bengal,Hooghly,301,00,15-11-19,17-11-19,samples collected,tested at NICED; swabs
AR/LSB/2019/47/1548,Lower,Subansiri,Chickenpox,21,00,14-11-19,outbreak.,The index,case was a 7 year old male. All cases
Under,storage,tanks.,A total of,02,03,water,samples,,
KL/ERN/2019/47/1557,Kerala,Ernakulam,Hepatitis A,34,01,02-11-19,presented,"with fever,","jaundice, pain abdomen and nausea. A"
KL/KOA/2019/47/1558,Kerala,Kollam,Mumps,20,00,08-11-19,area.,Among the,cases 13 were male and 07 were female. All
KL/KOZ/2019/47/1559,Kerala,Kozhikode,Hepatitis A,46,00,07-11-19,in,pipes. A,total of 05 blood samples collected and tested at
WB/MDN/2019/47/1564,West,Bengal,Medinipur Diarrheal,28,00,11-11-19,02,water samples,collected and sent to PHE. No growth seen
AR/ESN/2019/25/0691,East,Siang,Fever,29,00,18-06-19,19-06-19,JE tested,at DPHL Pasighat. Necessary advice for
GJ/AHM/2019/25/0693,Gujarat,Ahmedabad,Diarrheal,34,00,24-06-19,25-06-19,stool sample,taken and sent to Sola Civil
HR/PNP/2019/25/0694,Haryana,Panipat,Measles,07,00,19-06-19,24-06-19,outbreak. 5,blood samples taken and sent to
KN/HAS/2019/25/0698,Karnataka,Hassan,Dengue,11,00,17-06-19,18-06-19,collected of,"which one was positive for Dengue,"
KN/TUM/2019/25/0699,Karnataka,Tumkur,Fever,22,00,16-06-19,18-06-19,1 blood,sample was subjected to culture and
KL/WYN/2019/25/0703,Kerala,Wayanad,Dengue,17,00,17-06-19,19-06-19,for Dengue,by NS1 Ag. It was observed that
NL/ZNB/2019/25/0706,Nagaland,Zunheboto,Chickenpox,05,00,17-06-19,18-06-19,rash and,body ache. Diagnosis made on clinical
WB/BWN/2019/25/0711,West,Bengal,Burdwan Diarrheal,40,00,23-06-19,24-06-19,sample. Block,RRT visited the area And
AS/DAR/2019/25/0712,Assam,Multiple,districts AES,1350,177,25-05-19,smears,were examined,of which 238 were positive for P
AS/DBG/2019/25/0713,Assam,Dibrugarh,Diarrheal,70,00,15-06-19,found,positive for,Shigella Flexineri by Culture. 1 water
JH/ESI/2019/25/0719,Jharkhand,East,Singhbhum Dengue,08,00,15-06-19,Samples,found positive,for Dengue by IgM ELISA. DRRT
KN/CMN/2019/25/0721,Karnataka,Chamarajanagar,Chikungunya,32,00,15-06-19,was,found. Indoor,breeding was also observed during house
KN/DKK/2019/25/0722,Karnataka,Hepatitis,E,10,00,10-06-19,vomiting,along with,Jaundice. A total of 4 blood samples
Encephalitis,Surveillance,patients,are above the age of,15,67,blood,samples,,
OR/BSR/2019/25/0728,Odisha,Balasore,Jaundice,07,00,10-06-19,with,sewage line.,04 Water samples collected from Govt.
RJ/BAA/2019/25/0729,Rajasthan,Baran,Hepatitis,06,00,14-06-19,found,positive for,Hepatitis E by IgM ELISA. 9 water
house,to,house,survey. Out of,13,7,were,male,and 6,
AS/TIN/2019/31/0955,Assam,Tinsukia,Diarrheal,10,00,03-08-19,03-08-19,and sent,to AMCH Microbiology for MNP and
BH/MNG/2019/31/0956,Bihar,Munger,Food,23,00,30-07-19,03-08-19,of consuming,food in a religious ceremony. All
RJ/PAL/2019/31/0964,Rajasthan,Pali,Diarrheal,15,00,31-07-19,01-08-19,abdomen and,loose motions. A total of 09 stool
TR/GOT/2019/31/0966,Tripura,Gomati,Jaundice,36,00,28-07-19,28-07-19,a common,overhead tank. Water samples were
AS/GLP/2019/31/0970,Assam,Goalpara,Hepatitis A,18,00,15-07-19,village.,A total,of 05 serum and 05 water samples were
BH/VSH/2019/31/0971,Bihar,Vaishali,Mumps,06,00,19-06-19,group,3 to,5 years. A total of 4 blood samples were collected
RJ/BAA/2019/31/0985,Rajasthan,Baran,Diarrheal,61,00,25-07-19,M.B.S,Hospital Kota,and all found positive for Escherichia
UP/GON/2019/31/0987,Uttar,Pradesh,Gonda Diarrheal,15,01,20-07-19,outbreak.,Cases presented,"with loose stools, vomiting and"
CT/KAW/2019/34/1048,Chhattisgarh,Kawardha,Diarrheal,09,00,21-08-19,23-08-19,cases survey,done. All cases treated symptomatically.
GJ/AND/2019/34/1049,Gujarat,Anand,Diarrheal,40,00,19-08-19,20-08-19,cases survey,done. 2 Stool sample collected and sent to
KL/ERN/2019/34/1054,Kerala,Ernakulam,Dengue?,15,00,19-08-19,03-08-19,cases survey,done. All cases treated symptomatically.
OR/BSR/2019/34/1062,Odisha,Balasore,Diarrheal,10,00,20-08-19,21-08-19,cases were,found to be non-potable. All cases treated
PB/FTH/2019/34/1065,Punjab,Fatehghar,Saheb Diarrheal,43,00,22-08-19,22-08-19,cases,
BH/NLD/2019/34/1070,Bihar,Nalanda,Diarrheal,33,00,13-07-19,cases,survey done.,All cases treated symptomatically. Halogen
BH/SHK/2019/34/1071,Bihar,Shekhpura,Diarrheal,18,00,13-08-19,cases,house survey,done. All cases treated symptomatically. Halogen
CT/JAN/2019/34/1072,Chhattisgarh,Janjgir,Diarrheal,39,00,13-08-19,cases,result awaited.,Temporary medical camps organized in the
JH/ESI/2019/34/1073,Jharkhand,East,Singhbhum,35,00,20-07-19,to,RIMS Ranchi;,4 samples were positive for Hepatitis E (IgM
MH/STA/2019/34/1076,Maharashtra,Satara,Dengue,15,00,10-08-19,cases,collected; 9,samples were positive for Dengue (IgM ELISA).
BH/PAC/2019/32/0989,Bihar,West,Champaran Diarrheal,15,03,01-08-19,07-08-19,cases symptomatically.,Halogen tablets and ORS
KN/CKR/2019/32/0990,Karnataka,Chikkaballapur,Diarrheal,71,00,06-08-19,08-08-19,cases sample,collected and sent to BMRCI; result
KN/TUM/2019/32/0992,Karnataka,Tumkur,Dengue,14,00,06-08-19,07-08-19,cases collected,and sent to DPHL Tumkur; 1 sample was
MH/NAG/2019/32/0994,Maharashtra,Nagpur,Diarrheal,12,00,05-08-19,07-08-19,cases samples,collected; result awaited. All cases treated
OR/RAY/2019/32/0999,Odisha,Rayagada,Diarrheal,13,00,11-08-19,11-08-19,cases samples,collected sent to DPHL Rayagada; were
TN/THE/2019/32/1003,Tamil,Nadu,Theni Chikungunya,34,00,09-08-19,11-08-19,cases,
WB/NDA/2019/32/1007,West,Bengal,Nadia Dengue,27,00,09-08-19,10-08-19,cases,
TR/GOT/2019/32/1011,Tripura,Gomati,A & E/,43,00,28-07-19,cases,samples were,positive for Hepatitis E (IgM ELISA); 02
WB/BNK/2019/32/1012,West,Bengal,Bankura,17,00,26-07-19,cases,"SSKM, Kolkata;",result awaited. Water samples collected;
KN/BEG/2019/08/0195,Karnataka,Belagavi,Diarrheal,37,00,22-02-19,22-02-19,survey done.,3 stool samples sent to DPHL
PB/HRP/2019/08/0201,Punjab,Hoshiarpur,Mumps?,13,00,20-02-19,20-02-19,house survey,done. All the children were less
TN/SLM/2019/08/0204,Tamil,Nadu,Salem Chickenpox,11,00,21-02-19,24-02-19,Sarakapillaiyur. District,RRT investigated the
TN/AIR/2019/08/0206,Tamil,Nadu,Ariyallur Chickenpox,12,00,20-02-19,23-02-19,investigated the,outbreak. House to house survey
TN/CUD/2019/08/0208,Tamil,Nadu,Cuddalore,36,00,18-02-19,19-02-19,"samples, 4",stool samples were collected sent to
KN/DHA/2019/27/0784,Karnataka,Dharwad,Mumps,05,00,01-07-19,03-07-19,fever and,bilateral swelling of parotid glands.
KL/ALP/2019/27/0785,Kerala,Alappuzha,Diarrheal,94,00,05-07-19,06-07-19,awaited 04,water & 09 stool samples collected
MG/JTH/2019/27/0786,Meghalaya,Jaintia,Hills,23,00,03-07-19,04-07-19,consumption of,"food in a funeral function, after"
PB/MOG/2019/27/0788,Punjab,Moga,Diarrheal,13,00,01-07-19,01-07-19,taken and,Municipal Corporation informed. 3
TN/TVR/2019/27/0791,Tamil,Nadu,Tiruvallur Diarrheal,11,00,06-07-19,07-07-19,sent to,"DPHL Tiruvallur, result awaited. All 11"
TL/MHB/2019/27/0792,Telangana,Mahabubnagar,Chikungunya,26,00,04-07-19,08-07-19,were prepared,and all found negative for Malaria
TR/AGT/2019/27/0795,Tripura,West,Tripura,29,00,04-07-19,08-07-19,in a,ceremony after which they developed
AR/ESN/2019/27/0799,East,Siang,Scrub Typhus,18,00,22-06-19,collected,and all,found positive for Scrub Typhus and tested
AR/TRP/2019/27/0801,Tirap,Enteric,Fever,42,00,07-01-19,positive,by Widal,test at CHC Deomali. Majority of cases
CT/KAW/2019/27/0805,Chhattisgarh,Kawardha,Diarrheal,10,00,24-06-19,Lohara.,District RRT,investigated the outbreak. House to
CT/RPR/2019/27/0806,Chhattisgarh,Raipur,Viral Hepatitis,06,00,28-06-19,sewage.,10 blood,samples collected and sent to JNM Medical
JH/DHN/2019/27/0808,Jharkhand,Dhanbad,Chickenpox,08,00,19-06-19,"fever,",cough and,rash. 5 blood samples collected and sent to
KN/CKR/2019/27/0809,Karnataka,Chickaballapura,Chikungunya,45,00,20-06-19,the,village. All,the patients have been treated locally. 4 serum
OD/KJR/2019/27/0813,Odisha,Keonjhar,Diarrheal,13,00,29-06-19,outbreak.,01 rectal,"swab & 03 water samples collected, result"
UP/MTH/2019/27/0817,Uttar,Pradesh,Mathura Diarrheal,194,00,27-06-19,observed,in the,supply line. 4 water samples collected and
WB/MDW/2019/27/0818,West,Bengal,West Medinipur,135,00,26-06-19,"night,",pilgrims cases,had history of consuming Prasad in a
AS/DHU/2019/21/0537,Assam,Dhubri,Malaria,12,00,21-05-19,21-05-19,blood samples,were found positive for malaria
GJ/KHD/2019/21/0540,Gujarat,Kheda,Diarrheal,55,00,25-05-19,25-05-19,Nadiad; result,awaited. All cases treated
HR/YNN/2019/21/0542,Haryana,Yamunanagar,Jaundice,19,00,22-05-19,24-05-19,DPHL Karnal;,result awaited. All cases treated
Food,Under,a,social ceremony.,02,05,water,samples,,
KL/KAS/2019/21/0550,Kerala,Trivandrum,Diphtheria,01,00,21-05-19,25-05-19,"& Hospital,",Trivandrum was positive for
KL/KOZ/2019/21/0551,Kerala,Kozhikode,Hepatitis A,13,00,23-05-19,25-05-19,juice which,was prepared from well water. All 2
PB/LDH/2019/21/0555,Punjab,Ludhiana,Mumps,13,00,21-05-19,21-05-19,samples were,"collected & sent to DPHL,"
GJ/SBK/2019/29/0863,Gujarat,Sabakrantha,Hepatitis A,08,00,03-07-19,17-07-19,"College, Himatnagar",for Hepatitis A & E testing.
KN/DHA/2019/29/0871,Karnataka,Dharwad,Food,23,00,10-07-19,10-07-19,which they,"developed loose motion, stools and"
KN/DVA/2019/29/0872,Karnataka,Davanagere,Dengue,32,00,16-07-19,16-07-19,confirmation of,Dengue and Chikungunya and 03
KL/KOA/2019/29/0873,Kerala,Kollam,Mumps,10,00,17-07-19,19-07-19,he developed,"fever and bilateral cheek swelling,"
MG/EKH/2019/29/0874,Meghalaya,East,Khasi Hills,04,00,11-07-19,15-07-19,for lab,analysis and identification. All affected
MH/GAD/2019/29/0877,Maharashtra,Gadchiroli,Diarrheal,24,00,15-07-19,16-07-19,awaited. Cases,had history of consuming water
OR/BSR/2019/29/0884,Odisha,Balasore,Dysentery,17,00,13-07-19,18-07-19,investigated the,outbreak. 04 water samples and
PB/HRP/2019/29/0886,Punjab,Hoshiarpur,Diarrheal,11,00,18-07-19,18-07-19,"to S.P.H.L,",Kharara. 01 stool samples collected
PB/GPR/2019/29/0887,Punjab,Gurdaspur,Cholera,02,01,20-07-19,22-07-19,tested positive,for Vibrio cholera at CH Babri.
UP/KNR/2019/29/0893,Kanpur,(Dehat),Diarrheal,153,02,09-07-19,17-07-19,from contaminated,source. Pipe line leakage
Under,investigated,the,outbreak.,19,12,Blood,slides,,
BH/NLD/2019/29/0897,Bihar,Nalanda,Food poisoning,49,00,19-06-19,Cases,were reported,from village after consuming food in a
CT/SRR/2019/29/0899,Chhattisgarh,Surajpur,Diarrheal,74,00,12-06-19,outbreak.,Lab samples,collected and result awaited. All cases
GJ/KHD/2019/29/0901,Gujarat,Kheda,viral,01,00,16-07-19,convulsions.,1 Serum,sample collected by Shree Krishna
GJ/VSD/2019/29/0902,Gujarat,Valsad,Food poisoning,19,00,17-07-19,water,samples collected,"and sent to GMERS College, 01"
JH/KUT/2019/29/0903,Jharkhand,Khunti,Chickenpox,08,00,16-07-19,presented,with fever,and rash. 07 Blood samples collected and
MH/STA/2019/29/0910,Maharashtra,Satara,Dengue,28,00,03-06-19,found,positive for,Dengue by IgM ELISA. All cases treated.
Assam,Multiple,districts,AES,2417,318,25-05-19,smears,were examined,of which 488 were positive for P
CT/BLD/2019/28/0825,Chhattisgarh,Balod,Diarrheal,65,00,10-07-19,11-07-19,sample collect,and sent to PHE; result awaited
CT/JAN/2019/28/0826,Chhattisgarh,Janjgir,Diarrheal,72,00,04-07-19,08-07-19,to PHE;,result awaited result All cases treated
NL/MOK/2019/28/0832,Nagaland,Mokokchung,Measles,01,00,05-07-19,17-07-19,outbreak. Blood,samples collected sent to GMCH
MG/EKH/2019/28/0833,Meghalaya,East,Khasi Hills,21,00,10-07-19,12-07-19,presented symptoms,with loose motion and
RJ/PGR/2019/28/0842,Rajasthan,Pratapgarh,Diarrheal,90,00,11-07-19,12-07-19,RNT Medical,College Udaipur; result awaited. All
TN/ERO/2019/28/0843,Tamil,Nadu,Erode Diphtheria,02,00,09-07-19,13-07-19,Sathyamangalam. District,RRT investigated the
WB/MDN/2019/28/0848,West,Bengal,Midnapore East Diarrheal,22,00,10-07-19,14-07-19,District Public,Health Lab; result awaited. All
TL/---/2019/28/0855,Telangana,Wanaparthy,Dengue,19,00,02-07-19,community.,Out of,7 blood sample collected; 4 samples were
UP/JLA/2019/28/0856,Uttar,Pradesh,Jalaun Diarrheal,47,03,03-07-19,House,to house,survey done. Water samples sent to Jal Nigam;
BH/BHB/2019/44/1435,Bihar,Bhabhua,Dengue,03,01,27-10-19,31-10-19,serum samples,collected were positive for Dengue
HR/YNN/2019/44/1437,Haryana,Yamunanagar,Hepatits A &,14,00,31-10-19,02-11-19,,
JH/WSI/2019/44/1438,Jharkhand,West,Singhbhum,08,00,29-10-19,30-10-19,cases done.,Cases consumed food in a social
MH/BUL/2019/44/1441,Maharashtra,Buldhana,Dengue,98,00,24-10-19,02-11-19,informed. House,to house survey done. All cases
OR/GJM/2019/44/1444,Odisha,Ganjam,Diarrheal,30,00,29-10-19,31-10-19,and vomiting.,01 rectal swab and 03 water samples
OR/JHA/2019/44/1445,Odisha,Jharsuguda,Diarrheal,25,00,31-10-19,01-11-19,water samples,collected and sent to DPHL
OR/JHA/2019/44/1446,Odisha,Jharsuguda,Diarrheal,16,00,28-10-19,30-10-19,water samples,collected and sent to DPHL
PB/SUR/2019/44/1447,Punjab,Sangrur,Mumps,07,00,31-10-19,31-10-19,collected were,positive for Mumps (IgM ELISA)
PB/FKT/2019/44/1448,Punjab,Faridkot,Chickenpox,323,00,30-10-19,30-10-19,189 male,and 134 female were affected in two
TN/MDR/2019/44/1451,Tamil,Nadu,Madurai &,49,00,01-11-19,01-11-19,survey done.,05 serum samples collected and sent
BH/MZP/2019/44/1454,Bihar,Muzaffarpur,Dengue,67,00,27-06-19,survey,done. Serum,"samples collected and sent to RMRI,"
MH/THN/2019/44/1458,Maharashtra,Thane,Dengue,25,00,10-09-19,survey,done. 5,blood samples collected; were positive for
KNSHI/2019/50/1628,Karnataka,Shimoga,Mumps,16,00,12-12-19,12-12-19,done. All,the 02 blood samples collected and sent
KN/MYS/2019/50/1632,Karnataka,Mysuru,Diarrheal,10,00,04-11-19,and,03 water,samples collected. All cases treated
KN/BGK/2019/50/1633,Karnataka,Bagalkot,Dengue,27,00,20-11-19,fever,survey done.,12 blood sample collected and and sent to
Control,affected,were,between,2,25,years,of,age. RRT,
KL/KNR/2019/20/0519,Kerala,Kannur,Hepatitis A,24,00,09-05-19,18-05-19,positive for,Hepatitis A. Water sample from the
MG/EKH/2019/20/0521,Meghalaya,East,Khasi Hills,08,00,18-05-19,18-05-19,stool samples,collected and sent to ICMR
RJ/PGR/2019/20/0526,Rajasthan,Pratapgarh,Measles,05,00,13-05-19,13-05-19,Serum Sample,sent to Microbiology Lab. SMS
GA/MGO/2019/20/0533,Goa,South,Goa Dengue,17,00,10-04-19,for,Dengue. All,cases treated symptomatically. Mosquito
HP/SLN/2019/20/0534,Solan,Hepatitis,A,32,00,11-02-19,outbreak.,Patients had,fever and yellowish skin discoloration.
HP/HPR/2019/17/0429,Hamirpur,Hepatitis,A,120,00,26-04-19,educational,institutions. 9,Blood samples have been
KN/RCR/2019/45/1468,Karnataka,Raichur,Diarrhoeal,15,00,09-11-19,11-11-19,water samples,collected; both were non potable
KN/KRW/2019/45/1469,Karnataka,Uttara,Kannada Cholera,20,00,05-11-19,11-10-19,sample sent,to KMC Manipal Enteric Dept. A
PB/MUK/2019/45/1475,Punjab,Muktsar,Mumps,08,00,05-11-19,05-11-19,age. A,total of 03 blood samples collected and
PB/MOG/2019/45/1476,Punjab,Moga,Mumps,06,00,06-11-19,06-11-19,pain and,swelling in the neck. A total of 05 blood
TN/DDG/2019/45/1477,Tamil,Nadu,Dindigul,19,00,08-11-19,09-11-19,"water, 04",blood and 05 stool samples were
TN/TVR/2019/45/1478,Tamil,Nadu,Tiruvarur Food,17,00,08-11-19,08-11-19,outbreak. House,to house survey done. A total of
AS/CCR/2019/45/1480,Assam,Chachar,Malaria,06,00,22-10-19,observed.,Cases were,above 16 years of age; 05 were male
BH/MNG/2019/45/1482,Bihar,Munger,Dengue,07,00,13-09-19,affected,more than,women. A total of 02 samples collected
JH/SAK/2019/45/1485,Jharkhand,Food,poisoning,09,00,30-10-19,loose,stools after,consuming food in a social gathering. All
Acute,A,total,of,03,02,stool,samples,were,
JK/SHP/2019/45/1489,Shopian,Hepatitis,E,35,00,01-08-19,found,positive for,Hepatitis E by IgM ELISA. A total of 03
KL/THI/2019/45/1495,Kerala,Trivandrum,Hepatitis A,25,00,24-10-19,presented,with pain,"abdomen, vomiting and yellowish"
OR/BSR/2019/45/1502,Odisha,Balasore,Hepatitis E,10,00,01-11-19,and,05 blood,samples collected and tested at DPHL; 04 water
Fesual,SC,Boidiha,TE,1,3,no.,line.,Field,
AS/JRT/2019/11/0252,Assam,Jorhat,Diarrheal,35,00,11-03-19,18-03-19,workers living,in unhygienic conditions. Pond
BH/MZP/2019/11/0256,Bihar,Muzaffarpur,Chickenpox,14,00,15-03-19,18-03-19,done. Symptoms,"of red eyes, Maculo papular"
CT/BLS/2019/11/0259,Chhattisgarh,Bilaspur,Chickenpox,30,01,11-03-19,19-03-19,investigated the,outbreak. House to house survey
CT/MHN/2019/11/0260,Chhattisgarh,Mahasamund,Chickenpox,09,00,14-03-19,15-03-19,blood Sample,collected result awaited. Health
GJ/MHS/2019/11/0262,Gujarat,Mahesana,Chickenpox,13,00,12-03-19,12-03-19,investigated the,outbreak. House to house survey
JH/ESI/2019/11/0263,Jharkhand,East,Singhbhum,12,00,16-03-19,19-03-19,had history,of consumption of food in a marriage
KN/YDI/2019/11/0269,Karnataka,Yadgiri,Chikungunya,20,00,14-03-19,14-03-19,done. 13,blood samples collected and sent to
KL/PTH/2019/11/0270,Kerala,Pathanamthitta,Leptospirosis,03,01,14-03-19,14-03-19,positive. Water,samples taken for bacteriological
KL/MLP/2019/11/0271,Kerala,Malappuram,Leishmaniosis,01,00,12-03-19,12-03-19,MCH Calicut.,Intuitional level activities done and
OR/KPT/2019/11/0274,Odisha,Koraput,Diarrheal,06,00,15-03-19,18-03-19,outbreak. House,to house survey done. 3 water
PB/HRP/2019/11/0279,Punjab,Hoshiarpur,Cholera,98,00,13-03-19,13-03-19,survey done.,15 Stool sample were collected.
PB/MOG/2019/11/0280,Punjab,Moga,Mumps,50,00,15-03-09,15-03-19,presented with,"fever, pain and swelling in neck"
RJ/DAU/2019/11/0281,Rajasthan,Dausa,Poisoning,13,00,11-03-19,13-03-19,were from,same family and between 5-10 years of
TN/KRR/2019/11/0283,Tamil,Nadu,Karur Mixed Fever,10,00,14-03-19,15-03-19,sent to,DPHL Karur of which 2 were found
TN/NGP/2019/11/0284,Tamil,Nadu,Nagapattinam Diarrheal,20,00,12-03-19,13-03-19,done. 1,"water sample sent to DPHL,"
TN/NGP/2019/11/0285,Tamil,Nadu,Nagapattinam Diarrheal,146,00,12-03-19,13-03-19,sample sent,"to DPHL, Nagappattinam Result:"
KN/TUM/2019/11/0292,Karnataka,Tumkur,Chickenpox,21,00,23-02-19,survey,done. Isolation,of active cases done. IEC activities
CT/BBR/2019/43/1384,Chhattisgarh,Balodabazar,Diarrheal,19,02,20-10-19,22-10-19,presented with,vomiting and loose stools. The
GJ/BNS/2019/43/1386,Gujarat,Banaskantha,Diphtheria,47,08,22-10-9,22-10-19,11-15ys 5,0
JH/WSI/2019/43/1388,Jharkhand,West,Singhbhum Diarrheal,22,00,24-10-19,25-10-19,vomiting. A,total of 05 stool samples collected and
JK/KWR/2019/43/1390,Kupwara,Hepatitis,E,06,00,19-10-19,26-10-19,as well,by IgM ELISA. A total of 04 water samples
KN/GUL/2019/43/1392,Karnataka,Kalaburagi,Chikungunya,27,00,24-10-19,25-10-19,12 samples,were positive for Chikungunya by IgM
KL/TRC/2019/43/1397,Kerala,Thrissur,Hepatitis A,17,00,22-09-19,25-10-19,sent to,DMO Lab; 01 was positive for Hepatitis A
MH/SGL/2019/43/1398,Maharashtra,Sangli,Cholera,111,03,22-10-19,23-10-19,collected and,tested at DPHL Sangli; 05 were
RJ/ALW/2019/43/1403,Rajasthan,Alwar,Dengue,37,00,25-10-19,25-10-19,District Central,"Lab, Alwar and were found"
TN/CUD/2019/43/1404,Tamil,Nadu,Cuddalore Diarrheal,49,00,22-10-19,23-10-19,stool samples,"collected and sent to King Institute,"
UA/GAR/2019/43/1406,Uttarakhand,Pauri,Garhwal Dengue,08,00,20-10-19,25-10-19,Sentinel Surveillance,"Hospital, District Hospital"
JK/,KWR/2019/43/1412,Kupwara,Hepatitis E,08,00,31-07-19,03,water samples,collected and tested at DPHL Kupwara were
UP/,KWR/2019/43/1413,Kupwara,Cholera,246,04,26-08-19,of,05 stool,samples were collected and sent to State Public
KL/ERN/2019/43/1420,Kerala,Ernakulum,Diphtheria,01,01,18-10-19,grayish,patch seen,on the soft palate extending to the posterior
MH/JGA/2019/43/1423,Maharashtra,Jalgaon,Dengue,26,01,14-10-19,collected,and all,were negative for Malaria. A total of 07 blood
MH/NAS/2019/43/1425,Maharashtra,Nashik,Cholera,289,00,17-10-19,samples,were collected,"and sent to DPHL, Nashik, chlorine"
MH/SHO/2019/43/1426,Maharashtra,Sholapur,Dengue,10,00,14-10-19,and,container survey,conducted in the affected area. A total of
WB/SPG/2019/43/1431,West,Bengal,Hepatitis A,28,00,18-10-19,Hepatitis,A by,IgM ELISA. A total of 03 water samples
AS/BON/2019/52/1671,Assam,Bongaigaon,Chickenpox,10,00,16-12-19,survey,done. 06,blood samples collected and sent to
CT/RGR/2019/52/1674,Chhattisgarh,Raigarh,Diarrheal,11,00,16-12-19,survey,done. Cases,presented symptoms of loose motion and
JH/ESI/2019/52/1675,Jharkhand,East,Singhbum Chickenpox,13,00,06-12-19,house,survey done.,05 blood samples collected and sent to
JH/SIM/2019/52/1676,Jharkhand,Simdega,Chickenpox,19,00,15-12-19,house,survey done.,10 blood samples collected and sent to
KN/DKK/2019/52/1677,Karnataka,Hepatitis,A,37,00,16-12-19,House,to house,survey done. 10 serum samples collected. All
DL/DLN/2019/30/0915,Delhi,North,Delhi Cholera,05,00,25-07-19,25-07-19,cases stool,samples collected by North Municipal
GJ/NAV/2019/30/0917,Gujarat,Navsari,Cholera,25,00,24-07-19,25-07-19,cases samples,were collected; 2 stool samples were
JH/GDA/2019/30/0920,Jharkhand,Godda,Influenza -B,29,00,22-07-19,26-07-19,cases cases,done. 3 blood samples and 2 nasopharyngeal
KN/MNY/2019/30/0925,Karnataka,Mandya,Dengue,19,00,22-07-19,26-07-19,cases serum,samples collected; 1 sample was found
No,new,in,a 5yr old male child. Out of,0,3,blood,samples,,
Poisoning,motion,and,vomiting.,02,03,rectal,swabs,,
PB/SAS/2019/30/0935,Punjab,SAS,Nagar Diarrheal,24,00,24-07-19,25-07-19,cases for,cholera culture. Water sample collect; result
PB/MUK/2019/30/0936,Punjab,Muktsar,Mumps,08,00,19-07-19,26-07-19,cases collected,and sent to DPHL Bathinda were positive
TN/TVL/2019/30/0937,Tamil,Nadu,Tiruvallar Diarrheal,43,00,26-07-19,27-07-19,cases to,DPHL Tiruvallur; result awaited result All cases
GJ/VAD/2019/30/0943,Gujarat,Vadodara,(Viral,01,01,12-07-19,cases,later died,on 30th June 2019. Blood and csf samples were
KN/CKR/2019/30/0945,Karnataka,Chikkaballapur,Diphtheria?,03,00,07-07-19,cases,swab was,collected and sent to BMCRI was found negative for
KN/CKR/2019/30/0946,Karnataka,Chikkaballapur,Dengue,17,00,10-07-19,cases,samples collected;,4 sample was found positive for Dengue
UP/ALI/2019/30/0951,Uttar,Pradesh,Aligarh Diarrheal,75,02,16-07-19,cases,collected and,sent to JNMC; were negative for
the,cases,are,between,19,21,years,of,age. As,
GJ/KHD/2019/09/0215,Gujarat,Kheda,Measles,02,01,28-02-19,03-03-19,house survey,done. 01 serum sample sent to
KL/ALP/2019/09/0219,Kerala,Alappuzha,Chickenpox,35,00,03-02-19,27-02-19,inmates of,this center and were mentally and
MH/KOP/2019/09/0220,Maharashtra,Kolhapur,Dengue,07,01,27-02-19,01-03-19,positive for,"Dengue by IgM ELISA at SSH,"
TN/DMP/2019/09/0226,Tamil,Nadu,Dharmapuri,41,00,27-02-19,28-02-19,done. 1,"Food sample sent to Forensic lab, Salem"
TN/MDR/2019/09/0227,Tamil,Nadu,Madurai Fever,46,00,26-02-19,27-02-19,OHT Cleaning,& Chlorination done. IEC & IPC
TN/MDR/2019/09/0228,Tamil,Nadu,Madurai Fever,21,00,26-02-19,27-02-19,done. IEC,"& IPC done. Fogging, Mass Cleaning"
TL/NLN/2019/09/0229,Telangana,Nalgonda,Dengue,59,00,26-02-19,03-03-19,IPM Lab.,"Narayanaguda, Hyderabad 09 found"
WB/BWN/2019/09/0230,West,Bengal,Burdwan,127,00,06-03-19,06-03-19,have visited,the village and investigated the
WB/SPG/2019/09/0231,West,Bengal,South Parganas,52,00,25-02-19,26-02-19,isolated. Food,sample (Khichuri) collected and
KN/DVA/2019/09/0232,Kerala,Kollam,Chickenpox,15,00,20-02-19,19,/ Travancore,College of Nursing hostel. District RRT
AS/DHU/2019/15/0363,Assam,Dhubri,Jaundice,19,00,12-04-19,12-04-19,samples collected,and sent to DPHL; result
AS/DHU/2019/15/0364,Assam,Dhubri,Malaria?,15,00,11-04-19,11-04-19,15 blood,slides collected and sent to Geramari
BH/MZP/2019/15/0366,Bihar,Muzaffarpur,Mumps?,43,00,10-04-19,14-04-19,belonged to,low socio-economic condition with
GJ/RJK/2019/15/0367,Gujarat,Rajkot,Diarrheal,70,00,06-04-19,12-04-19,Sanitation Management,"Organisation, Rajkot; 1"
OR/CUT/2019/15/0375,Odisha,Cuttack,Hepatitis A &,07,00,13-04-19,14-04-19,,
PB/SAS/2019/15/0376,Punjab,Sasnagar,Mumps,11,00,08-04-19,09-04-19,samples collected,and sent to DPHL SAS Nagar; 6
PB/MNS/2019/15/0378,Punjab,Mansa,Mumps,09,00,06-04-19,10-04-19,survey done.,04 blood samples collected & sent to
PB/MNS/2019/15/0379,Punjab,Mansa,Mumps,22,00,07-04-19,10-04-19,done. All,9 blood samples collected & sent to
TN/VIR/2019/15/0381,Tamil,Nadu,Virudhunagar Typhoid,25,00,12-04-19,12-04-19,collected and,"sent to DPHL, Virudhunagar: 2"
BH/PTN/2019/15/0389,Bihar,Patna,Chickenpox,14,00,28-02-19,done.,Serum samples,collected result 1 serum samples were
BH/JAH/2019/14/0332,Bihar,Jahanabad,Chickenpox,15,00,02-04-19,03-04-19,of cases,were between 5-10 years of age. Medical
Control,Cases,were,from,3,30,yrs,of,age. All,
BH/PTN/2019/14/0334,Bihar,Patna,Measles,05,00,01-04-19,06-04-19,hostel. 4,Blood samples collected and tested at
JH/WSI/2019/14/0339,Jharkhand,West,Singhbhum Chickenpox,15,00,03-04-19,06-04-19,sent to,"DPHL Sadar Hospital Chaibasa, result"
JK/KLN/2019/14/0341,Kulgam,Enteric,Fever,19,00,01-04-19,02-04-19,and 02,water samples from village Sopat have
KN/DHA/2019/14/0344,Karnataka,Dharwad,Chikungunya,20,00,01-04-19,04-04-19,cause for,larval growth. Three serum samples
PN/PON/2019/14/0350,Puducherry,Puducherry,Chikungunya,07,00,01-04-19,01-04-19,done. 5,serum samples tested positive for
Poisoning,Surveillance,children,between,6,14,years,and,majority of,
KN/MYS/2019/14/0357,Karnataka,Mysuru,Diarrheal,61,00,31-03-19,"MMCRI,",Mysuru and,all found potable. 12 stool sample
KL/TRC/2019/14/0359,Kerala,Thrissur,Hepatitis A,16,00,10-03-19,water,"samples taken,",result awaited. 2 blood sample taken and
BH/BUX/2019/26/0734,Bihar,Buxar,Measles,09,00,20-06-19,29-06-19,"samples collected,",sent to WHO lab; result
CT/RGN/2019/26/0735,Chhattisgarh,Rajnandgaon,Diarrheal,39,00,21-06-19,24-06-19,Rajnandgaon; result,awaited. Cases treated
JH/LAT/2019/26/0741,Jharkhand,Latehar,Measles,13,00,24-06-19,25-06-19,RIMS Ranchi;,result awaited. All cases treated
JH/WSI/2019/26/0742,Jharkhand,West,Singhbhum,12,00,28-06-19,29-06-19,symptoms with,loose motion and vomiting. Out
JH/WSI/2019/26/0743,Jharkhand,West,Singhbhum Malaria?,49,00,25-06-19,27-06-19,sample was,positive for malaria (P. falciparum).
MH/GAD/2019/26/0746,Maharashtra,Godchiroli,Diarrheal,11,00,24-06-19,25-06-19,and sent,to SDL Chamorshi; 2 samples were non
MH/RTG/2019/26/0748,Maharashtra,Ratnagiri,Diarrheal,26,00,26-06-19,28-06-19,sent to,SDH Kamathe were non potable for
MN/IMP/2019/26/0751,Manipur,West,Imphal,03,00,28-06-19,30-06-19,and 4,blood samples collected and sent to SRL
CT/RPR/2019/26/0763,Chhattisgarh,Raipur,Diarrheal,39,00,17-06-19-,collected,and sent,to JNM Medical College; were not potable.
JH/LOH/2019/26/0765,Jharkhand,Lohardaga,Measles,05,00,01-06-19,samples,"collected, sent",to RIMS Ranchi; result awaited. All
KN/CKR/2019/26/0769,Karnataka,Chickaballapura,Fever,26,00,19-06-19,outbreak.,2 serum,samples sent to SSL and 2 blood sample
KN/HAV/2019/26/0770,Karnataka,Haveri,Dengue,33,00,18-06-19,sent,to KIMS;,1 sample was positive for Dengue (IgM
KN/KOL/2019/26/0771,Karnataka,Kolar,Chikungunya,23,00,07-06-19,(IgM,ELISA) &,2 samples were positive for Leptospirosis.
AR/UPS/2019/37/1173,Upper,Subansiri,Diarrheal,27,00,10-09-19,13-09-19,tap. A,total of 02 stool samples were collected
HR/PCH/2019/37/1174,Haryana,Panchkula,Cholera,108,02,10-09-19,17-09-19,positive for,cholera. A total of 18 stool samples
KN/GUL/2019/37/1178,Karnataka,Kalaburagi,Chikungunya,23,00,11-09-19,12-09-19,treated symptomatically.,Fever survey done.
KN/RNA/2019/37/1179,Karnataka,Ramanagara,PUO,19,00,12-09-19,13-09-19,collected and,"sent to PHI, Bangalore and 04"
PB/HRP/2019/37/1185,Punjab,Hoshiarpur,Cholera,123,01,14-09-19,14-09-19,V. Cholera,and 03 were positive for Shigella.
MH/THN/2019/37/1195,Maharashtra,Thane,Dengue,06,01,30-08-19,positive,for Dengue,by IgM. A total of 05 blood samples were
SK/SOU/2019/37/1198,Sikkim,South,Sikkim Dengue,92,00,04-09-19,STNM,"Hospital (DPHL),",Gangtok; 92 tested positive for
Cases,were,mostly,above,15,03,of,the,cases,
AS/UAL/2019/48/1565,Assam,Udalguri,Diarrheal,09,01,26-11-19,28-11-19,and presented,symptoms of loose motion and
GJ/BNS/2019/48/1568,Gujrat,Banaskantha,Measles,06,00,28-11-19,28-11-19,Active search,of cases done. Serum samples
KN/CKR/2019/48/1573,Karnataka,Chikkaballapur,Dengue,25,00,26-11-19,29-11-19,survey done.,1 blood sample collected and sent to
KN/GUL/2019/48/1574,Karnataka,Kalaburagi,Diarrheal,12,00,27-11-19,28-11-19,done. 2,stool sample collected were negative for
MH/KOP/2019/48/1575,Maharashtra,Kolhapur,Chikungunya,08,00,25-11-19,27-11-19,sent to,"SSH, CPRH Hospital, Kolhapur; were"
OR/GJM/2019/48/1576,Odisha,Ganjam,Diarrheal,13,00,22-11-19,25-11-19,done. 02,rectal swab rectal and 04 water samples
OR/MBJ/2019/48/1578,Odisha,Mayurbhanj,Diarrheal,09,00,26-11-19,28-11-19,done. 07,rectal swab rectal and 01 water samples
PB/BTD/2019/48/1579,Punjab,Bathinda,Chickenpox,07,00,30-11-19,30-11-19,District RRT,investigated the outbreak. Active
PB/FER/2019/48/1580,Punjab,Ferozepur,Chickenpox,25,0,30-11-19,30-11-19,investigated the,outbreak. Active search of cases
PB/FKT/2019/48/1582,Punjab,Faridkot,Mumps,07,00,26-11-19,30-11-19,blood samples,collected were positive for Mumps
PB/PTL/2019/48/1583,Punjab,Patiala,Measles,08,00,29-11-19,30-11-19,samples collected,"and send to DPHL, Patiala."
AS/GLG/2019/48/1585,Assam,Golaghat,Chickenpox,06,00,18-11-19,investigated,the outbreak.,Active search of cases done. Cases
DL/DLS/2019/48/1587,Delhi,South,Delhi Dengue,12,00,21-10-19,Super,Specialty Hospital,were positive for Dengue (IgM
OR/JAJ/2019/48/1593,Odisha,Jajpur,Chikungunya,60,00,10-11-19,house,survey done.,8 blood samples collected. All cases treated
CT/BBR/2019/33/1013,Chhattisgarh,Balodabazar,Diarrheal,39,00,11-08-19,13-08-19,observed that,villagers used unsafe water from
OR/BSR/2019/33/1021,Odisha,Balasore,Diarrheal,17,00,16-08-19,17-08-19,loose stools,and pain abdomen. All cases were
WB/PRL/2019/33/1028,West,Bengal,Purulia Diarrheal,35,00,15-08-19,15-08-19,age. A,total of 02 stool samples (Rectal Swab)
PB/AMT/2019/33/1036,Punjab,Amritsar,Hepatitis E,24,00,09-08-19,"samples,",06 samples,were positive for Hepatitis E by Ig M
TN/MDR/2019/33/1037,Tamil,Nadu,Madurai Chikungunya,32,00,07-08-19,collected,and sent,to DPHL Madurai and all found positive
CT/KAW/2019/39/1238,Chhattisgarh,Kawardha,Diarrheal,06,00,23-09-19,27-09-19,investigated the,outbreak. Water chlorination
JH/BOK/2019/39/1241,Jharkhand,Bokaro,Dengue,06,00,20-09-19,27-09-19,06 blood,serum samples collected and tested at
JH/WSI/2019/39/1242,Jharkhand,West,Singhbhum Malaria,63,00,23-09-19,26-09-19,rigor and,vomiting. A total of 690 samples
JH/WSI/2019/39/1243,Jharkhand,West,Singhbhum,04,00,25-09-19,28-09-19,altered sensorium.,A total of 04 samples collected
KN/TUM/2019/39/1245,Karnataka,Tumkur,Influenza B,31,00,21-09-19,23-09-19,throat and,cough. A total of 04 throat swab samples
KN/YDI/2019/39/1246,Karnataka,Yadgiri,Chikungunya,09,00,22-09-19,23-09-19,blood samples,collected and tested at DPHL
MH/KOP/2019/39/1250,Maharashtra,Kolhapur,Dengue,06,00,25-09-19,27-09-19,"CPRH Hospital,",Kolhapur; 03 samples were
MH/NDB/2019/39/1252,Maharashtra,Nandurbar,Dengue,26,02,21-09-19,25-09-19,informed. Fever,survey done. A total of 03 serum
OR/SUN/2019/39/1256,Odisha,Sundargarh,Anthrax?,03,00,20-09-19,28-09-19,smear slide,"collected and tested at DPHL,"
OR/KHU/2019/39/1257,Odisha,Khordha,Diarrheal,09,01,19-09-19,26-09-19,to SCB,"MCH, Cuttak; 02 water samples found non"
PB/SAS/2019/39/1258,Punjab,SAS,Nagar Diarrheal,129,00,28-09-19,29-09-19,symptomatically. Medical,camp organized in the
RJ/BAA/2019/39/1260,Rajasthan,Baran,Diarrheal,48,00,26-08-19,24-09-19,samples and,06 water samples were tested at
AS/LKM/2019/39/1263,Assam,Lakhimpur,Hepatitis A,02,00,09-09-19,samples,were positive,for Hepatitis A by IgM ELISA. A total
MP/UIJ/2019/39/1267,Ujjain,Food,poisoning,14,00,17-09-19,age,group 14-22,years. Water and food samples were collected
MH/PNE/2019/39/1269,Maharashtra,Pune,Dengue,44,00,01-09-19,house,survey done.,A total of 52 samples collected and tested
the,outbreak.,A,total of,04,03,water,samples,,
CT/JAN/2019/24/0635,Chhattisgarh,Janjgir,Diarrheal,24,00,10-06-19,13-06-19,house survey,done. ORS packets and chlorine
GJ/GAN/2019/24/0638,Gujarat,Gandhi,Nagar Cholera,03,00,12-06-19,18-06-19,positive for,cholera culture. Cases treated
KL/CNR/2019/24/0641,Kerala,Kannur,Malaria,03,00,10-06-19,15-06-19,presented symptoms,of fever and later blood smear
KN/GUL/2019/24/0644,Karnataka,Kalaburagi,Diarrheal,40,00,11-06-19,12-06-19,5 samples,were non potable. All 3 stool samples
MH/SGL/2019/24/0646,Maharashtra,Sangli,Malaria,07,00,04-06-19,11-06-19,All the,cases were migrant labours from District
OR/AGL/2019/24/0650,Odisha,Angul,Diarrheal,08,01,11-06-19,14-06-19,rectal swabs,collected; 1 swab showed growth of
TN/UDM/2019/24/0653,Tamil,Nadu,The Nilgiris Diarrheal,16,00,13-06-19,16-06-19,potable for,drinking purposes. 3 stool sample
AS/CCR/2019/24/0668,Assam,Cachar,Fever,08,00,01-06-19,house,survey done.,All cases treated symptomatically.
AS/JRT/2019/24/0670,Assam,Jorhat,Fever,32,00,03-06-19,done.,All 32,blood slides collected were negative for malaria
AS/JRT/2019/24/0671,Assam,Jorhat,Fever,13,00,03-06-19,cases,done. All,13 blood slides collected were negative for
AS/KMM/2019/24/0673,Assam,Kamrup,Metro Chickenpox,18,00,06-05-19,search,of cases,done. 3 serum samples collected and sent to
AS/KMR/2019/24/0674,Assam,Kamrup,Chickenpox,11,00,14-05-19,Uparhali,SC Dohali.,District RRT investigated the outbreak.
AS/NGO/2019/24/0676,Assam,Nagaon,Chickenpox,29,00,31-05-19,samples,collected and,"sent to DPHL (IDSP), Kamrup (Metro);"
CT/JAN/2019/24/0679,Chhattisgarh,Janjgir,Diarrheal,19,00,26-04-19,to,house survey,done. ORS packets and chlorine tablets
KL/CNR/2019/24/0684,Kerala,Kannur,Dengue,20,00,30-04-19,carried,out in,the affected area. All the 3 blood sample collected
MH/CND/2019/24/0686,Maharashtra,Chandrapur,Diarrheal,142,00,05-06-19,outbreak.,House to,house survey done. Out of 07 water samples
MH/SGL/2019/24/0688,Maharashtra,Sangli,Chikungunya,10,00,13-05-19,"Lab,",Govt Medical,"College, Miraj; 2 samples were found"
deaths,of,AES,"from Bihar,",544,99,deaths,were,from,
KN/KOL/2019/35/1087,Karnataka,Kolar,Chickenpox,15,00,26-08-19,31-08-19,survey done.,All 2 blood samples collected and
MH/AMN/2019/35/1090,Maharashtra,Ahmednagar,Dengue,40,00,26-08-19,29-08-19,and tested,"at sentinel centre, Civil hospital,"
MH/NAG/2019/35/1093,Maharashtra,Nagpur,Dengue,23,01,28-08-19,31-08-19,samples collected,and were positive for Dengue by
OR/MBJ/2019/35/1096,Odisha,Mayurbhanj,Cholera,13,00,24-08-19,27-08-19,bacteriological investigation;,"tested at DPHL,"
OR/MBJ/2019/35/1097,Odisha,Mayurbhanj,Cholera,16,00,25-08-19,29-08-19,bacteriological investigation;,04 rectal swabs were
PB/SAS/2019/35/1100,Punjab,Sasnagar,Mumps,30,00,28-08-19,28-08-19,0-10yrs 9,17 26
TN/TPL/2019/35/1101,Tamil,Nadu,Tiruchirapalli Diphtheria,03,00,29-08-19,30-08-19,were collected,and tested at KAPV Medical
TL/ADL/2019/35/1104,Telangana,Adilabad,Diarrheal,51,00,29-08-19,03-09-19,Adilabad Rural.,Medical camp was conducted in
TR/GOT/2019/35/1105,Tripura,Gomati,Diarrheal,22,00,25-08-19,25-08-19,infection was,consumption of food prepared for a
WB/MDW/2019/35/1106,West,Bengal,West Midnapur Diarrheal,47,00,01-09-19,02-09-19,samples collected,and tested at MMCH. 03 water
AS/CCR/2019/35/1107,Assam,Cachar,Fever,12,00,20-08-19,sample,collected for,PSMP were negative for Malaria parasite.
AS/CCR/2019/35/1108,Assam,Cachar,Fever,11,00,20-08-19,for,Malaria. Blood,sample collected for PSMP from 11 cases
AS/CCR/2019/35/1109,Assam,Cachar,Fever,15,00,18-08-19,in,all 15,cases and found negative. Blood sample was collected
BH/MZP/2019/35/1113,Bihar,Muzaffarpur,Dengue,10,00,22-07-19,Dengue,by IgM,ELISA. All cases were treated
KN/BEG/2019/35/1116,Karnataka,Belagavi,Dengue,14,00,12-08-19,ELISA.,All cases,were treated symptomatically. Fever and
KN/TUM/2019/35/1121,Karnataka,Tumkur,Chickenpox,16,00,23-08-19,Bangalore,"Medical College,",result awaited. Close contacts
MH/AMN/2019/35/1124,Maharashtra,Ahmednagar,Dengue,32,00,20-08-19,samples,were collected,and 03 were positive for Dengue by
MH/WDH/2019/35/1126,Maharashtra,Wardha,Encephalitis,09,01,16-08-19,and,CSF samples,"were collected and tested at MGIMS,"
SK/GTK/2019/35/1128,Sikkim,East,Sikkim Fever,17,00,23-08-19,samples,tested positive,"for Influenza A(H3N2), 01 sample"
UP/BBN/2019/35/1130,Uttar,Pradesh,Barabanki Fever,40,00,22-08-19,outbreak.,All cases,were treated symptomatically. Unhygienic
Purba,12-08-,Under,and,25,4,MAC,ELISA,IgM. All,
BH/MZP/2019/18/0455,Bihar,Muzaffarpur,Chickenpox,09,00,29-04-19,02-05-19,maculo papular,eruption on body. Majority of
MH/SIN/2019/18/0464,Maharashtra,Sindhudurg,KFD,01,01,29-04-19,30-04-19,negative for,Malaria at PHC Talkat and 1 sample
WB/HWR/2019/18/0473,West,Bengal,Howrah,350,00,29-04-19,29-04-19,Prasad in,"""Mahaprobhvu utsav"". 2 Food Samples"
KN/CHI/2019/18/0474,Karnataka,Chitradurga,Fever,47,00,24-04-19,inmates.,3 Blood,"samples, 47 Blood smears collected and sent"
Surveillance,age,group,between,14,05,blood,samples,,
JH/DMK/2019/19/0483,Jharkhand,Dumka,Chickenpox,08,00,11-05-19,11-05-19,done. Out,of 2 blood samples were collected and
OR/KLN/2019/19/0492,Odisha,Kalahandi,Diarrheal,27,00,10-05-19,11-05-19,collected and,sent to DPHL Kalahandi; result
OR/BAG/2019/19/0493,Odisha,Balangir,Diarrheal,17,00,03-05-19,10-05-19,sent to,DPHL Balangir showed no growth of
PB/FER/2019/19/0495,Punjab,Ferozepur,Chickenpox,16,00,07-05-19,07-05-19,investigated the,outbreak. House to house survey
TN/AIR/2019/19/0496,Tamil,Nadu,Ariyalur,18,00,06-05-19,06-05-19,ceremony and,presented symptoms with vomiting
TN/DDG/2019/19/0497,Tamil,Nadu,Dindigul - Palani Diarrheal,19,00,08-05-19,09-05-19,,
AR/LHT/2019/19/0503,Namsai,Enteric,Fever,15,00,23-04-19,Chowkham;,15 blood,samples were positive for widal test. 40
MG/JTH/2019/19/0505,Meghalaya,Jaintia,Hills Chickenpox,09,00,15-04-19,outbreak.,House to,house survey done. All cases were children
BH/JHA/2019/41/1309,Bihar,Jahanabad,Diarrheal,09,00,06-10-19,07-10-19,and food,might be the source of infection. Lab
BH/SAR/2019/41/1310,Bihar,Saharsa,Diarrheal,08,00,11-10-19,13-10-19,investigated the,outbreak. The source of infection
MG/EKH/2019/41/1312,Meghalaya,East,Khasi Hills,08,00,07-10-19,09-10-19,across all,age groups. Cases gave history of
OR/JHA/2019/41/1313,Odisha,Jharsuguda,Diarrheal,23,00,13-10-19,15-10-19,swabs and,02 samples collected tested at DPHL
PN/KAR/2019/41/1314,Puduchchery,Karaikal,Dengue,78,00,07-10-19,07-10-19,District NVBDCP,officials informed. Active case
BH/MZP/2019/41/1318,Bihar,Muzaffarpur,Diarrheal,06,01,04-10-19,and,vomiting. The,deceased was a 14 year old male. Poor
MH/PNE/2019/41/1325,Maharashtra,Pune,Dengue,02,00,08-08-19,serum,samples collected,"and sent to NIV, Pune and 02"
JH/PAK/2019/22/0570,Jharkhand,Pakur,Measles,06,00,29-05-19,30-05-19,samples collected,and sent to RIMS Ranchi; 1
JK/BNP/2019/22/0572,Bandipora,Hepatitis,E,15,00,27-05-19,02-06-19,samples were,positive for Hepatitis E (IgM
MH/RGD/2019/22/0576,Maharashtra,Raigad,Diarrheal,53,00,01-06-19,02-06-19,samples were,collected and sent to DPHL Pen;
KL/ERN/2019/22/0584,Kerala,Ernakulam,Nipah,01,00,20-05-19,State/District,RRT investigated,the outbreak. Control room
AS/TIN/2019/36/1134,Assam,Tinsukia,Cholera,05,00,02-09-19,02-09-19,culture. 2,water samples collected; result awaited.
JH/WSI/2019/36/1137,Jharkhand,West,Singhbhum Malaria,74,00,03-09-19,05-09-19,collected; 18,smears were positive for Malaria
PN/PON/2019/36/1149,Puducherry,Puducherry,Dengue,32,00,02-09-19,02-09-19,to DPHL,Karaikal; 1 sample was found positive
WB/MDW/2019/36/1151,West,Bengal,Medinipur West Diarrheal,53,01,01-09-19,02-09-19,sent to,PHE Lab at Midnapore; result awaited.
CT/DHM/2019/36/1153,Chhattisgarh,Dhamtari,Diarrheal,15,00,06-08-19,survey,done. All,cases treated symptomatically. ORS packets
JH/RCH/2019/36/1159,Jharkhand,Ranchi,Diarrheal,13,00,25-08-19,house,survey done.,All cases treated symptomatically.
MH/THN/2019/36/1163,Maharashtra,Thane,Dengue,61,04,20-07-19,positive,for Dengue,(IgM ELISA). 4 deaths occurred in 2
OR/BAG/2019/36/1166,Odisha,Bolangir,Diarrheal,65,00,28-08-19,Bolangir;,result awaited.,All cases treated symptomatically.
OR/BAG/2019/36/1167,Odisha,Bolangir,Diarrheal,19,00,28-08-19,DPHL,Bolangir; result,awaited result All cases treated
UP/JLA/2019/36/1169,Uttar,Pradesh,Jalaun Dengue,05,00,23-08-19,sent,"to GMC,",Jhansi; were found positive for Dengue (IgM
DD/DIU/2019/38/1205,Daman,&,Diu Daman & Diu Dengue,107,02,20-09-19,26-09-19,,
JH/WSI/2019/38/1209,Jharkhand,West,Singhbhum Diarrheal,11,00,14-09-19,16-09-19,vomiting. A,total of 04 stool samples collected and
OR/BAG/2019/38/1212,Odisha,Balangir,Diarrheal,13,00,19-09-19,21-09-19,water samples,"collected and sent to DPHL,"
PB/SUR/2019/38/1214,Punjab,Sangrur,Mumps,11,00,23-09-19,23-09-19,behind ears.,A total of 07 samples were collected
GJ/JNR/2019/38/1218,Gujarat,Jamnagar,CCHF,02,00,02-09-19,due,to CCHF.,"Samples collected and tested at NIV,Pune were"
MH/JLN/2019/38/1225,Maharashtra,Jalna,Dengue,09,01,06-09-19,samples,were collected,"and tested at GMC, Aurangabad; 02"
MH/STA/2019/38/1226,Maharashtra,Satara,Dengue,26,00,27-08-19,done.,A total,of 03 blood samples sent to Civil Hospital Satara
Under,search,done.,A total of,04,05,water,samples,,
TN/PUD/2019/38/1228,Tamil,Nadu,Leptospirosis,05,00,11-09-19,sent,"to DPHL,",Pudukottai; 02 samples were positive for
TL/SAY/2019/38/1231,Telangana,Sangareddy,Dengue,30,00,10-09-19,"IPM,",Hyderabad; 04,samples were positive for Dengue and
AN/ERN/2019/23/0585,And,Nicobar,Andaman Diarrheal,08,00,06-06-19,06-06-19,and labourers.,All took meal from a dhaba after
AR/ERN/2019/23/0586,Kra,Daadi,Diarrheal,27,00,05-06-19,10-06-19,children were,taken back by parents. No samples
AR/ERN/2019/23/0587,West,Kameng,Scrub Typhus,03,00,06-06-19,10-06-19,by Immuno,Chromatographic Assay Rapid Test at
JH/ERN/2019/23/0588,Jharkhand,Dumka,Diarrheal,67,00,04-06-19,08-06-19,using water,from unprotected well. All belonged to
KN/ERN/2019/23/0595,Karnataka,Kalaburagi,Diarrheal,21,00,08-06-19,10-06-19,situated near,Yallamma temple. House to house
OR/ERN/2019/23/0599,Odisha,Sundargarh,Anthrax,01,00,04-06-19,07-06-19,outbreak. Infection,spread after handling & taken
PB/ERN/2019/23/0602,Punjab,Fatehgarh,Sahib Hepatitis E,18,0,07-06-19,08-06-19,DPHL Patiala.,05 water samples collected and all
TN/ERN/2019/23/0604,Tamil,Nadu,Dindigul-Palani Leptospirosis,20,00,05-06-19,11-06-19,Leptospirosis. Water,samples collected from well
WB/ERN/2019/23/0609,West,Bengal,Basirhat Diarrheal,27,00,05-06-19,05-06-19,samples collected,"and send to NICED, Beleghata"
BH/ERN/2019/23/0615,Bihar,Nalanda,Measles,40,02,04-11-18,"cough,",coryza and,conjunctivitis. Of all affected only 4 had
JH/ERN/2019/23/0617,Jharkhand,Sahebganj,Diarrheal,07,00,20-05-19,Patient,treated in,CHC Barhait. RRT team visited affected area
KL/ERN/2019/23/0620,Kerala,Ernakulam,Dengue,36,00,21-05-19,tested,at RPH,Lab Ernakulam tested positive for Dengue by
KN/ERN/2019/23/0621,Karnataka,Chikkamagaluru,Dengue,15,00,21-05-19,disease,have been,given to the community. Door to door fever
KN/ERN/2019/23/0622,Karnataka,Haveri,Dengue,65,0,31-03-19,village.,6 blood,samples taken for dengue testing and 2 found
MH/ERN/2019/23/0625,Maharashtra,Buldhana,Diarrheal,48,00,19-05-19,the,outbreak. Due,to the collapse of pipeline in the adjoining
OR/ERN/2019/23/0628,Odisha,Koraput,Anthrax,08,00,10-05-19,no.,Of samples,"collected, result awaited. Patients Treated with"
TN/ERN/2019/23/0629,Tamil,Nadu,Karur Hepatitis A,06,00,30-05-19,"Karur,",5 found,positive for Hepatitis A by IgM ELISA. OHT
UP/ERN/2019/23/0630,Uttar,Pradesh,Siddharth Nagar Chickenpox,07,00,26-05-19,outbreak.,Cases presented,with fever and
CT/RGR/2019/49/1596,Chhattisgarh,Raigarh,Dengue,07,00,07-12-19,07-12-19,survey conducted.,Lab samples collected and
KN/DHA/2019/49/1599,Karnataka,Dharwad,Mumps,08,00,04-12-19,07-12-19,with bilateral,swelling of parotid glands. One
KN/RCR/2019/49/1600,Karnataka,Raichur,Dengue,07,00,02-12-19,02-12-19,unhygienic conditions,observed in the area. A
KL/PTH/2019/49/1601,Kerala,Pathanamthitta,Diarrheal,10,00,05-12-19,10-12-19,affected individuals,were migrants from West
KL/WYN/2019/49/1602,Kerala,Wayanad,Diphtheria,04,00,05-12-19,09-12-19,She presented,with fever and sore throat.
PN/SUR/2019/49/1610,Punjab,Sangrur,Hepatitis B,09,00,03-12-19,03-12-19,Sangrur; 06,were found to be non potable. All 09
TN/TRN/2019/49/1612,Tami,Nadu,Tirunelveli Dengue,14,00,03-12-19,09-12-19,larval breeding,observed. A total of 14 samples
JH/DHN/2019/49/1614,Jharkhand,Dhanbad,Diarrhoeal,34,00,30-11-19,District,level Water,"Testing Laboratory, Dhanbad, of which"
KN/HAS/2019/49/1616,Karnataka,Hassan,Diarrhoeal,39,00,29-11-19,tested,were found,negative for Cholera. A single water sample
KL/ERN/2019/49/1619,Kerala,Ernakulam,Dengue,17,00,03-11-19,locality;,they were,in the age group 45-58 years. Cases
KL/THI/2019/49/1620,Kerala,Trivandrum,Chikungunya,18,00,11-11-19,bodyache.,Cases identified,in adjacent wards. A total of 18
MH/KOP/2019/49/1621,Maharashtra,Kolhapur,Diarrheal,24,00,28-11-19,chlorinated.,A total,of 04 stool samples and 04 water samples
AS/LKM/2019/17/0420,Assam,Lakhimpur,Diarrheal,37,00,22-04-19,28-04-19,01 water,sample collected; result awaited. All
AS/NCH/2019/17/0421,Assam,Dima,Hasao,02,01,22-04-19,26-04-19,presented symptoms,with vomiting and loose
AS/NGO/2019/17/0422,Assam,Nagaon,Diarrheal,20,00,25-04-19,25-04-19,Nagaon were,negative for enteropathongens. 2
TN/UDM/2019/17/0443,Tamil,Nadu,The Nilgris Forest,01,00,27-04-19,27-04-19,house survey,done. 1 serum sample collected sent
CT/RGR/2019/46/1510,Chhattisgarh,Raigarh,Diarrheal,74,00,14-11-19,15-11-19,the outbreak.,House to house survey done. All
KN/CHI/2019/46/1512,Karnataka,Chitradurga,Dengue,17,01,10-11-19,12-11-19,to house,survey done. 2 serum samples collected
PB/FZA/2019/46/1521,Punjab,Fazilka,Mumps,09,00,11-11-19,13-11-19,blood samples,collected and sent to DPHL Fazilka
RJ/SRH/2019/46/1522,Rajasthan,Sirohi,CCHF,01,00,10-11-19,11-11-19,outbreak. Active,search of cases done. 01 serum
TN/MDR/2019/46/1525,Tamil,Nadu,Madurai Chikungunya,26,00,11-11-19,13-11-19,survey done.,10 Serum samples collected and sent
KN/TUM/2019/46/1528,Karnataka,Tumkur,Dengue,15,00,04-11-19,House,to house,survey done. 2 serum samples collected and
MH/JGA/2019/46/1530,Maharashtra,Jalgaon,Dengue,08,01,24-10-19,2,serum samples,collected and sent to GMC Aurangabad; were
BH/BHG/2019/42/1329,Bihar,Bhagalpur,Diarrheal,13,03,13-10-19,17-10-19,symptomatically. ORS,packets and chlorine
BH/JAH/2019/42/1330,Bihar,Jahanabad,Dengue,05,00,10-10-19,18-10-19,informed. House,to house fever survey done. 5
CT/RPR/2019/42/1332,Chhattisgarh,Raigarh,Diarrheal,13,00,10-10-19,18-10-19,cases treated,symptomatically. Halogen tablets and
GJ/MHS/2019/42/1333,Gujarat,Mahesana,Diarrheal,250,00,15-10-19,17-10-19,symptomatically. Halogen,tablets and ORS
HR/AMB/2019/42/1335,Haryana,Ambala,Dengue,60,02,18-10-19,20-10-19,survey done.,Out of 150 blood samples were
KL/ERN/2019/42/1340,Kerala,Ernakulam,Dengue,18,00,14-10-19,17-10-19,were informed.,House to house survey done. All
KL/KOA/2019/42/1342,Kerala,Kollam,Mumps,19,00,14-10-19,18-10-19,investigated the,outbreak. Active search of cases
KN/CKR/2019/42/1343,Karnataka,Chikkaballapur,Chikungunya,11,00,12-10-19,14-10-19,survey done.,All 2 blood samples collected and
KN/GUL/2019/42/1344,Karnataka,Kalaburagi,Chikungunya,60,00,16-10-19,17-10-19,of 34,blood samples collected and sent to DPHL;
KN/KRW/2019/42/1345,Karnataka,Uttara,Kannada Leptospirosis,01,01,10-10-19,14-10-19,sample collected,and sent to KMC Manipal; was
KN/YDI/2019/42/1346,Karnataka,Yadgiri,Chikungunya,48,00,16-10-19,19-10-19,survey done.,13 blood samples collected and sent
MP/ASH/2019/42/1348,Ashok,Nagar,Diarrheal,22,00,18-10-19,20-10-19,sent to,GMC Gwalior. Water samples collected.
TN/MDR/2019/42/1352,Tamil,Nadu,Madurai Hepatitis A,07,00,14-10-19,18-10-19,community. Out,of 7 serum samples collected and
TN/PER/2019/42/1353,Tamil,Nadu,Peramballur,22,00,16-10-19,18-10-19,survey done.,Out of 12 blood samples collected; 1
WB/PRL/2019/42/1358,West,Bengal,Purulia Diarrheal,30,00,14-10-19,14-10-19,well and,pond) collected and sent to BSMCH.
BH/JAH/2019/42/1360,Bihar,Jahanabad,Kala-Azar,03,00,23-09-19,done.,3 bone,marrow samples were collected and tested at
BH/MZP/2019/42/1361,Bihar,Muzaffarpur,Diarrheal,10,01,09-10-19,cases,treated symptomatically.,One death occurred in 5yr old
GJ/PAN/2019/42/1364,Gujarat,Panchmahal,Cholera,01,01,09-10-19,samples,collected. One,death occurred in 4yr old male child.
KL/PLK/2019/42/1365,Kerala,Palakkad,Leptospirosis,06,01,08-10-19,collected;,06 samples,were positive for Leptospirosis (IgM
KL/KOA/2019/42/1366,Kerala,Kollam,Chickenpox,11,00,27-09-19,investigated,the outbreak.,Active search of cases done in the
KN/CKR/2019/42/1367,Karnataka,Chikkaballapur,Chikungunya,19,00,08-10-19,survey,done. Out,of 2 blood samples collected and sent to SSL;
KN/CKR/2019/42/1369,Karnataka,Chikkaballapur,Dengue,24,00,09-10-19,informed.,House to,house survey done. 2 blood samples
KN/TUM/2019/42/1370,Karnataka,Tumkur,Chikungunya,22,00,26-09-19,house,survey done.,4 blood samples collected and sent to
KN/TUM/2019/42/1371,Karnataka,Tumkur,Chikungunya,20,00,09-10-19,house,survey done.,1 blood sample collected and sent to DPHL
MH/GAD/2019/42/1372,Maharashtra,Gadchiroli,JE,01,01,07-10-19,done.,Blood samples,collected; result awaited. One death
MH/LTR/2019/42/1374,Maharashtra,Latur,Dengue,28,00,15-07-19,District,NVBDCP officials,were informed. House to house
Control,done.,Out,of,9,7,samples,were,found,
UP/MUZ/2019/42/1382,Muzaffar,Nagar,Dengue,08,00,23-09-19,done.,Out of,46 blood samples collected; 8 samples were
BH/SHK/2019/10/0236,Bihar,Shekhpura,Measles?,09,00,05-03-19,08-03-19,done. Affected,children were in age group
JH/WSI/2019/10/0241,Jharkhand,West,Singhbhum,09,00,06-03-19,07-03-19,presented symptoms,with vomiting and loose
TN/RMN/2019/10/0247,Tami,Nadu,Chikungunya,19,00,05-03-19,10-03-19,DPHL Ramanthpurum;,result awaited. All cases
TN/ERO/2019/10/0248,Tami,Nadu,Erode Chikungunya,31,00,03-03-19,10-03-19,DPHL Erode,2 samples were positive for
